<?xml version="1.0"?>
<doc>
    <assembly>
        <name>WSAUnityHRM</name>
    </assembly>
    <members>
        <member name="F:WSAUnityHRMStub.HRMPlugin.VERSION">
            <summary>
            Plugin version number
            </summary>
        </member>
        <member name="F:WSAUnityHRMStub.HRMPlugin.isScanComplete">
            <summary>
            True when the attempted scan has finished searching for eligible BLE devices to connect with.
            </summary>
        </member>
        <member name="F:WSAUnityHRMStub.HRMPlugin.isServiceInitialized">
            <summary>
            True when connection with a HRM is active.
            </summary>
        </member>
        <member name="F:WSAUnityHRMStub.HRMPlugin.hrms">
            <summary>
            The most recent heart rate values received. Newest at the end. 
            </summary>
        </member>
        <member name="F:WSAUnityHRMStub.HRMPlugin.receivedMeasurementDataLimited">
            <summary>
            The most recent raw byte array data received. This free version of the plugin is limited to the Flag Byte and HR byte. Newest at the end. 
            </summary>
        </member>
        <member name="F:WSAUnityHRMStub.HRMPlugin.hrsDevices">
            <summary>
            The HeartRateServiceDevice objects representing the found HRM devices. 
            </summary>
        </member>
        <member name="F:WSAUnityHRMStub.HRMPlugin._hasNewHRValue">
            <summary>
            True when new data has been received from the connected device. 
            Set to false by user, usually as part of getLastHRM()
            </summary>
        </member>
        <member name="F:WSAUnityHRMStub.HRMPlugin.gattProtectionLevel">
            <summary>
            Optional setting for the Gatt Protection Level to set when connecting with a device.  
            </summary>
        </member>
        <member name="F:WSAUnityHRMStub.HRMPlugin.useWatchAdvertisements">
            <summary>
            If True, after scan is complete an AdvertisementWatcher is started which will continually watch for new Advertisements
            from nearby BLE devices. This is useful for monitoring the RSSI Signal Strength of nearby devices.
            </summary>
        </member>
        <member name="T:WSAUnityHRMStub.HRMPlugin.PluginGattProtectionLevel">
            <summary>
            Enum names reflect gattprotectionlevel enum names in Microsoft UWP
            https://docs.microsoft.com/en-us/uwp/api/windows.devices.bluetooth.genericattributeprofile.gattprotectionlevel
            </summary>
        </member>
        <member name="M:WSAUnityHRMStub.HRMPlugin.#ctor">
            <summary>
            UWP Plugin for Connecting Heart Rate Monitor BLE devices with Unity UWP-published projects. 
            Works with HoloLens and Windows 10 apps.
            </summary>
        </member>
        <member name="M:WSAUnityHRMStub.HRMPlugin.scan(System.Collections.Generic.Queue{System.Action},System.Action)">
            <summary>
            Scan for eligible HRM devices. 
            </summary>
            <param name="pActionQueue">The Queue that will be checked for new callback Actions to invoke.</param>
            <param name="pActionMethod">An Action to invoke by queuing it in the Queue specified in pActionQueue</param>
        </member>
        <member name="M:WSAUnityHRMStub.HRMPlugin.initializeService(WSAUnityHRMStub.HeartRateServiceDevice,System.Collections.Generic.Queue{System.Action},System.Action)">
            <summary>
            Connect with a BLE Device.
            </summary>
            <param name="pDevice">The device to connect with.</param>
            <param name="pActionQueue">The Queue that will be checked for new callback Actions to invoke.</param>
            <param name="pActionMethod">An Action to invoke by queuing it in the Queue specified in pActionQueue</param>
        </member>
        <member name="M:WSAUnityHRMStub.HRMPlugin.disconnectService">
            <summary>
            Disconnect from an HRM device.
            </summary>
        </member>
        <member name="M:WSAUnityHRMStub.HRMPlugin.setHasNewHRValue(System.Boolean)">
            <summary>
            Sets the flag that is used when a new BLE data packet has arrived. 
            Can be set manually or as part of getLastHRM().
            </summary>
            <returns></returns>
        </member>
        <member name="M:WSAUnityHRMStub.HRMPlugin.getHasNewHRValue">
            <summary>
            Gets the flag that is used when a new BLE data packet has arrived.
            </summary>
            <returns></returns>
        </member>
        <member name="M:WSAUnityHRMStub.HRMPlugin.getLastHRM(System.Boolean)">
            <summary>
            Returns the most recent Heart Rate value if there is a new one (Only returns a value if #_hasNewHRValue is true)
            To simply retrieve the last HR in the list, reference the last item in #hrms.
            Why called HRM? Poor name seletion. confusing with the term Heart Rate Monitor
            </summary>
            <param name="pResetAfterRetrieval">When True the #_hasNewHRValue is reset to false a the end of this method.</param>
            <returns></returns>
        </member>
        <member name="P:WSAUnityHRMStub.HRMPlugin.HrmStorageMax">
            <summary>
            Maximum number of heart rate measurements to store. 
            </summary>
        </member>
        <member name="P:WSAUnityHRMStub.HRMPlugin.ReceivedMeasurementDataStorageMax">
            <summary>
            Maximum number of complete heart rate measurement data packets to store. 
            </summary>
        </member>
        <member name="T:WSAUnityHRMStub.HeartRateServiceDevice">
            <summary>
            Storage and transfer of BLE device metadata between the plugin and Unity. 
            </summary>
        </member>
    </members>
</doc>
